description,image_id
"A muscular organ tirelessly pumping life-sustaining blood throughout the circulatory system.",1.png
"Lungs, delicate sponges facilitating the exchange of oxygen and carbon dioxide, vital for respiration.",2.png
"The multitasking marvel, detoxifying, producing enzymes, and storing essential nutrients.",3.png
"Bean-shaped powerhouses filtering blood to remove waste and maintain fluid balance.",4.png
"The command center encased in the skull orchestrating thoughts, emotions, and bodily functions.",5.png
"A gastric reservoir churning and breaking down food with powerful digestive juices.",6.png
"A dual-function organ regulating blood sugar and aiding digestion through enzyme secretion.",7.png
"A nutrient-absorbing tube playing a pivotal role in digestion and nutrient absorption.",8.png
"The organ absorbing water and electrolytes, forming and storing feces.",9.png
"An immune system ally filtering blood, storing platelets, and aiding in immune response.",10.png
"A muscular sac storing urine until ready for controlled excretion.",11.png
"The body's largest organ providing a protective barrier and regulating temperature.",12.png
"A butterfly-shaped endocrine organ secreting hormones crucial for metabolism.",13.png
"Releasing hormones, including adrenaline, in response to stress.",14.png
"A small sac storing and concentrating bile for the digestion of fats.",15.png
"A muscular tube transporting food from the mouth to the stomach through peristaltic waves.",16.png
"A pear-shaped organ nurturing and protecting a developing fetus during pregnancy.",17.png
"The female reproductive organs producing eggs and releasing hormones like estrogen and progesterone.",18.png
"Male reproductive glands generating sperm and producing testosterone.",19.png
"The crucial immune organ training T-cells and playing a role in immune system development.",20.png
"A tiny endocrine organ regulating sleep-wake cycles through melatonin secretion.",21.png
"A storage unit for bile aiding in the digestion of fats in the small intestine.",22.png
"A flexible connective tissue cushioning joints and supporting the structure of the nose and ears.",23.png
"The master gland controlling other endocrine glands and regulating growth and development.",24.png
"Commonly known as fat, serving as an energy storehouse and insulator.",25.png
"A muscular passage directing air to the lungs and food to the stomach.",26.png
"A temporary organ during pregnancy facilitating nutrient and waste exchange between mother and fetus.",27.png
"A mysterious organ that may play a role in immune function and gut health.",28.png
"A delicate membrane vibrating in response to sound waves, initiating the hearing process.",29.png
"Cushion-like structures separating and supporting the vertebrae in the spine.",30.png
"Immune system sentinels helping guard against infections entering through the mouth and nose.",31.png
"A walnut-sized organ producing seminal fluid and playing a role in male reproductive health.",32.png
"A life-sustaining interface during pregnancy facilitating nutrient and gas exchange.",33.png
"A thin layer in joints producing synovial fluid, reducing friction, and nourishing cartilage.",34.png
"A major nerve influencing various organs and helping regulate heart rate and digestion.",35.png
"A narrow passage equalizing pressure in the middle ear, maintaining auditory health.",36.png
"A small pouch near the large intestine that may contribute to immune function.",37.png
"A double-layered sac enclosing the heart, providing protection and anchoring.",38.png
"A crucial energy reservoir that also releases hormones affecting metabolism.",39.png
"A region in the brainstem regulating essential functions like breathing and sleep.",40.png
"The largest artery carrying oxygenated blood from the heart to the entire body.",41.png
"Small muscles in the heart anchoring the atrioventricular valves, preventing backflow.",42.png
"Forearm bones providing structural support and allowing for various arm movements.",43.png
"Clusters of lymphoid tissue in the small intestine contributing to immune defense.",44.png
"The tailbone serving as an anchor for pelvic floor muscles and ligaments.",45.png
"A component of the kidney surrounding glomeruli and initiating urine formation.",46.png
"Meibomian glands in the eyelids secreting oils that contribute to tear film stability.",47.png
"Clusters in the pancreas regulating blood glucose levels by producing insulin.",48.png
"A small region in the retina responsible for central, high-resolution vision.",49.png
"The rhythmic contractions of the heart, orchestrating a symphony of life within the circulatory system.",50.png
"Lungs, delicate architects of breath, intricately exchanging life-sustaining oxygen and releasing carbon dioxide.",51.png
"The liver, an alchemist within, transforming toxins into harmless substances and storing essential nutrients.",52.png
"Kidneys, the silent guardians, meticulously filtering blood, maintaining balance, and forming crystal-clear urine.",53.png
"The brain, a cosmic conductor residing within the skull, directing thoughts, emotions, and intricate bodily dances.",54.png
"Stomach, a culinary maestro, blending food into a digestible masterpiece with its powerful gastric ensemble.",55.png
"The pancreas, a biochemical wizard, balancing blood sugar levels and aiding digestion with enzymatic spells.",56.png
"The small intestine, a nutrient explorer, absorbing the essence of sustenance and weaving it into the body's tapestry.",57.png
"The large intestine, a water sorcerer, refining and sculpting waste into its final form before exodus.",58.png
"Spleen, a sentinel fortress in the bloodstream, filtering out invaders and harmonizing with the immune orchestra.",59.png
"Bladder, a resilient reservoir, patiently storing liquid whispers until the timely release beckons.",60.png
"Skin, the guardian cloak, shielding the body from external realms and regulating the dance of temperature.",61.png
"Thyroid gland, a metabolic sculptor, crafting the rhythm of energy and growth with its hormonal brush.",62.png
"Adrenal glands, emotional alchemists perched atop kidneys, releasing the elixirs of stress and resilience.",63.png
"The gallbladder, a bile librarian, orchestrating the digestion of fats with its concentrated digestive scrolls.",64.png
"Esophagus, a muscular voyage conductor, ushering food on its journey from mouth to gastric destination.",65.png
"Uterus, a cradle of creation, nurturing the delicate threads of life during the miraculous dance of pregnancy.",66.png
"Ovaries, celestial architects of fertility, casting the eggs of potential life into the cosmic void.",67.png
"Testes, guardians of lineage, forging the seeds of life and orchestrating the symphony of masculinity.",68.png
"The thymus, an immune maestro sculpting the melodies of T-cells in the harmonious garden of defense.",69.png
"Pineal gland, a celestial timekeeper, releasing the cosmic elixir of melatonin, guiding the realm of dreams.",70.png
"Gallbladder, a golden flask in the digestive alchemy, infusing bile's transformative magic into the gut.",71.png
"Cartilage, a silent architect of flexibility, sculpting joints and lending grace to the dance of movement.",72.png
"Pituitary gland, the cosmic puppeteer, directing the endocrine ensemble and weaving the tapestry of growth.",73.png
"Adipose tissue, a soft sanctuary of energy, storing reserves and secreting whispers of metabolic balance.",74.png
"Throat, a resonant passage, channeling breath and voice in the symphony of communication and nourishment.",75.png
"Placenta, a bridge between worlds during pregnancy, exchanging the currency of life between mother and child.",76.png
"Appendix, a cryptic guardian at the crossroads of immunity, holding secrets of microbial diplomacy.",77.png
"Eardrum, a vibrational maestro in the auditory orchestra, translating sound waves into the language of hearing.",78.png
"Intervertebral discs, the resilient cushions of the spine, absorbing shocks and preserving the dance of vertebrae.",79.png
"Tonsils, vigilant guardians at the gateway of the throat, standing sentinel against invading forces.",80.png
"Prostate gland, a guardian of masculinity, releasing the elixir of seminal fluid in the dance of reproduction.",81.png
"Placenta, an ephemeral connection during pregnancy, fostering the exchange of life's essence between two beings.",82.png
"Synovial membrane, a delicate seamstress in the joint tapestry, weaving the fabric of lubrication and support.",83.png
"Vagus nerve, a wandering guide in the neural landscape, influencing the rhythm of heart and digestive dance.",84.png
"Eustachian tube, a pressure equalizer in the ear's chamber, maintaining the harmonic equilibrium of hearing.",85.png
"Appendix, a mysterious relic with potential roles in immunity, an enigmatic guardian in the gut's realm.",86.png
"Pericardium, a protective embrace encircling the heart, safeguarding the pulsating center of life.",87.png
"Adipose tissue, a soft oracle of energy, whispering tales of metabolism and insulation in the body's script.",88.png
"Pons, a bridge in the brainstem, conducting signals for the dance of breathing and sleep-wake cycles.",89.png
"The aorta, a grand thoroughfare of life, channeling oxygenated blood to the far reaches of the body's kingdom.",90.png
"Papillary muscles, small architects within the heart, anchoring valves and orchestrating the fluid ballet.",91.png
"Ulna and radius, sturdy architects of the forearm, enabling the graceful dance of hand and arm movements.",92.png
"Peyer's patches, immune sentinels in the gut's fortress, contributing to the resilient defense against invaders.",93.png
"Coccyx, a humble anchor in the pelvic harbor, supporting the symphony of pelvic floor muscles and ligaments.",94.png
"Bowman's capsule, a capsule of initiation in the kidney's realm, embracing the genesis of urine formation.",95.png
"Meibomian glands, oil painters in the eyelid's studio, contributing to the masterpiece of tear film stability.",96.png
"Islets of Langerhans, hormonal architects in the pancreas, composing the melodies of blood glucose regulation.",97.png
"Macula, a central watcher in the retinal cosmos, orchestrating high-resolution visions in the visual symphony.",98.png
"The heart, a relentless drumbeat in the body's rhythm, pumping life through the vast network of veins and arteries.",99.png
"Lungs, ethereal bellows of breath, inhaling the essence of life and exhaling the whispers of metabolic dance.",100.png
"The liver, a vigilant custodian filtering the bloodstream, purifying it from toxins, and storing the elixir of nutrients.",101.png
"Kidneys, intricate architects of balance, filtering the body's river of blood and sculpting crystalline streams of urine.",102.png
"The brain, a cosmic symphony conductor, orchestrating the dance of thoughts, emotions, and intricate neural melodies.",103.png
"Stomach, a gastronomic maestro, harmonizing the culinary elements into a digestible composition with its enzymatic ensemble.",104.png
"The pancreas, a biochemical composer, releasing insulin's sonata to regulate blood sugar and aid the digestive opera.",105.png
"The small intestine, a nutrient explorer, navigating the intricate landscape of digestion, absorbing the poetry of sustenance.",106.png
"The large intestine, a watercolor artist, painting the final strokes on the canvas of waste before its gentle exit.",107.png
"Spleen, a vigilant guardian in the bloodstream, filtering out intruders and harmonizing with the body's immune symphony.",108.png
"Bladder, a resilient reservoir, patiently holding liquid stories until the curtain rises for its controlled excretion.",109.png
"Skin, a protective tapestry, shielding the body from external realms and regulating the ballet of temperature and touch.",110.png
"Thyroid gland, a metabolic sorcerer, crafting the cadence of energy and growth with its hormonal wand.",111.png
"Adrenal glands, emotional alchemists atop kidneys, releasing the elixirs of stress, resilience, and hormonal echoes.",112.png
"The gallbladder, a bile conductor in the digestive symphony, infusing the digestive process with its concentrated bile.",113.png
"Esophagus, a muscular saga, guiding food on its odyssey from mouth to stomach in the peristaltic epic.",114.png
"Uterus, a sanctuary of creation, nurturing life's delicate threads during the miraculous ballet of pregnancy.",115.png
"Ovaries, celestial weavers of fertility, casting the cosmic threads of eggs into the vast fabric of potential life.",116.png
"Testes, guardians of legacy, forging the seeds of life and orchestrating the cosmic symphony of masculinity.",117.png
"The thymus, an immune maestro sculpting the melodies of T-cells in the harmonious garden of immune defense.",118.png
"Pineal gland, a celestial timekeeper, releasing the cosmic elixir of melatonin, guiding the realm of dreams.",119.png
"Gallbladder, a golden flask in the digestive alchemy, infusing the digestive process with its concentrated bile.",120.png
"Cartilage, a silent architect of flexibility, sculpting joints and lending grace to the ballet of movement.",121.png
"Pituitary gland, the cosmic puppeteer, directing the endocrine ensemble and weaving the tapestry of growth.",122.png
"Adipose tissue, a soft sanctuary of energy, storing reserves and secreting whispers of metabolic balance.",123.png
"Throat, a resonant passage, channeling breath and voice in the symphony of communication and nourishment.",124.png
"Placenta, a bridge between worlds during pregnancy, exchanging the currency of life between mother and child.",125.png
"Appendix, a cryptic guardian at the crossroads of immunity, holding secrets of microbial diplomacy.",126.png
"Eardrum, a vibrational maestro in the auditory orchestra, translating sound waves into the language of hearing.",127.png
"Intervertebral discs, the resilient cushions of the spine, absorbing shocks and preserving the dance of vertebrae.",128.png
"Tonsils, vigilant guardians at the gateway of the throat, standing sentinel against invading forces.",129.png
"Prostate gland, a guardian of masculinity, releasing the elixir of seminal fluid in the dance of reproduction.",130.png
"Placenta, an ephemeral connection during pregnancy, fostering the exchange of life's essence between two beings.",131.png
"Synovial membrane, a delicate seamstress in the joint tapestry, weaving the fabric of lubrication and support.",132.png
"Vagus nerve, a wandering guide in the neural landscape, influencing the rhythm of heart and digestive dance.",133.png
"Eustachian tube, a pressure equalizer in the ear's chamber, maintaining the harmonic equilibrium of hearing.",134.png
"Appendix, a mysterious relic with potential roles in immunity, an enigmatic guardian in the gut's realm.",135.png
"Pericardium, a protective embrace encircling the heart, safeguarding the pulsating center of life.",136.png
"Adipose tissue, a soft oracle of energy, whispering tales of metabolism and insulation in the body's script.",137.png
"Pons, a bridge in the brainstem, conducting signals for the dance of breathing and sleep-wake cycles.",138.png
"The aorta, a grand thoroughfare of life, channeling oxygenated blood to the far reaches of the body's kingdom.",139.png
"Papillary muscles, small architects within the heart, anchoring valves and orchestrating the fluid ballet.",140.png
"Ulna and radius, sturdy architects of the forearm, enabling the graceful dance of hand and arm movements.",141.png
"Peyer's patches, immune sentinels in the gut's fortress, contributing to the resilient defense against invaders.",142.png
"Coccyx, a humble anchor in the pelvic harbor, supporting the symphony of pelvic floor muscles and ligaments.",143.png
"Bowman's capsule, a capsule of initiation in the kidney's realm, embracing the genesis of urine formation.",144.png
"Meibomian glands, oil painters in the eyelid's studio, contributing to the masterpiece of tear film stability.",145.png
"Islets of Langerhans, hormonal architects in the pancreas, composing the melodies of blood glucose regulation.",146.png
"Macula, a central watcher in the retinal cosmos, orchestrating high-resolution visions in the visual symphony.",147.png
"The heart and lungs, eternal dance partners in the choreography of life, exchanging breath and vitality in perfect harmony.",148.png
"The liver and kidneys, silent collaborators in the purification symphony, filtering toxins and sculpting streams of purity.",149.png
"The brain and stomach, architects of cognition and digestion, orchestrating the dance of thoughts and gastronomic alchemy.",150.png
"The pancreas and small intestine, partners in the nutrient ballet, crafting a harmonious composition of digestion and absorption.",151.png
"The large intestine and spleen, guardians of balance in the bloodstream, shaping the final masterpiece of waste and defense.",152.png
"The bladder and skin, companions in the fluidic ballet, one storing liquid whispers, the other shielding in a protective tapestry.",153.png
"The thyroid gland and adrenal glands, metabolic choreographers, balancing energy, stress, and hormonal crescendos.",154.png
"The gallbladder and esophagus, digestive maestros, infusing bile's alchemy and guiding the odyssey of food to its gastric destination.",155.png
"The uterus and ovaries, collaborators in the cosmic dance of fertility, nurturing life's delicate threads and casting celestial eggs.",156.png
"The testes and prostate gland, partners in the symphony of masculinity, forging seeds of life and releasing the elixir of reproduction.",157.png
"The thymus and pineal gland, immune and sleep architects, shaping melodies of defense and guiding the realm of dreams.",158.png
"The gallbladder and cartilage, collaborators in digestion and flexibility, infusing digestive magic and sculpting joints' grace.",159.png
"The pituitary gland and adipose tissue, hormonal conductors, directing growth and metabolism in the soft sanctuary of energy.",160.png
"The throat and placenta, communication and life-exchange partners, channeling breath, voice, and the essence of pregnancy.",161.png
"The appendix and eardrum, enigmatic guardians, one holding microbial secrets, the other translating sound waves into auditory tales.",162.png
"The intervertebral discs and tonsils, supportive cushions and immune sentinels, preserving the spine and standing guard in the throat's gateway.",163.png
"The prostate gland and placenta, partners in reproduction, releasing seminal fluid and fostering life's essence between two beings.",164.png
"The synovial membrane and vagus nerve, delicate seamstress and wandering guide, weaving the fabric of joint lubrication and influencing the neural dance.",165.png
"The Eustachian tube and appendix, pressure equalizer and enigmatic guardian, maintaining harmonic equilibrium and holding microbial diplomacy secrets.",166.png
"The pericardium and adipose tissue, protective embrace and soft oracle, safeguarding the heart and whispering tales of metabolism.",167.png
"The pons and aorta, bridge in the brainstem and grand thoroughfare of life, conducting signals for breathing and channeling oxygenated blood.",168.png
"The papillary muscles and ulna/radius, architects within the heart and sturdy builders of the forearm, orchestrating fluid ballet and enabling graceful movements.",169.png
"The Peyer's patches and coccyx, immune sentinels and humble anchor, contributing to defense and supporting the symphony of pelvic muscles.",170.png
"The Bowman's capsule and Meibomian glands, initiators in the kidney's realm and oil painters in the eyelid's studio, embracing urine formation and contributing to tear film stability.",171.png
"The Islets of Langerhans and Macula, hormonal architects in the pancreas and central watchers in the retinal cosmos, composing melodies of blood glucose regulation and orchestrating high-resolution visions.",172.png
"The heart and lungs, partners in the dance of life, where each beat propels breath, and each breath fuels the rhythmic heartbeat.",173.png
"The liver and kidneys, collaborative maestros, filtering and sculpting the body's fluid symphony, orchestrating a harmonious balance.",174.png
"The brain and stomach, cognitive and digestive companions, weaving thoughts and orchestrating the culinary alchemy within.",175.png
"The pancreas and small intestine, synchronized performers, crafting a symphony of digestion, absorption, and nutrient ballet.",176.png
"The large intestine and spleen, defenders of balance, sculpting the final masterpiece of waste and harmonizing with the immune orchestra.",177.png
"The bladder and skin, allies in fluidic harmony, one storing liquid whispers, the other shielding the body's canvas from external realms.",178.png
"The thyroid gland and adrenal glands, metabolic partners, balancing energy, stress, and hormonal nuances in the intricate dance of life.",179.png
"The gallbladder and esophagus, digestive collaborators, infusing digestive magic and guiding the odyssey of food on its peristaltic journey.",180.png
"The uterus and ovaries, celestial partners, nurturing life's threads and casting eggs into the cosmic expanse of potentiality.",181.png
"The testes and prostate gland, orchestrators of masculinity, forging life's seeds and releasing the elixir of reproductive dance.",182.png
"The thymus and pineal gland, guardians of immunity and sleep, shaping melodies of defense and guiding the ethereal realm of dreams.",183.png
"The gallbladder and cartilage, allies in digestion and flexibility, infusing bile's alchemy and sculpting the graceful dance of joints.",184.png
"The pituitary gland and adipose tissue, hormonal conductors, directing the symphony of growth and metabolism in the soft sanctuary of energy.",185.png
"The throat and placenta, conduits of communication and life-exchange, channeling breath, voice, and the essence of pregnancy.",186.png
"The appendix and eardrum, enigmatic companions, one holding microbial secrets, the other translating sound waves into the language of hearing.",187.png
"The intervertebral discs and tonsils, supportive cushions and immune sentinels, preserving the spine and standing guard in the throat's gateway.",188.png
"The prostate gland and placenta, partners in reproductive dance, releasing seminal fluid and fostering the exchange of life's essence between two beings.",189.png
"The synovial membrane and vagus nerve, collaborators in joint health and neural influence, weaving the fabric of lubrication and guiding the dance of the nervous system.",190.png
"The Eustachian tube and appendix, allies in maintaining equilibrium and enigmatic guardianship, balancing pressure and holding microbial diplomacy secrets.",191.png
"The pericardium and adipose tissue, protective embrace and soft oracle, safeguarding the heart and whispering tales of metabolic balance.",192.png
"The pons and aorta, bridge in the brainstem and grand thoroughfare of life, conducting signals for breathing and channeling the life force through oxygenated blood.",193.png
"The papillary muscles and ulna/radius, architects within the heart and sturdy builders of the forearm, orchestrating fluid ballet and enabling the graceful dance of hand and arm.",194.png
"The Peyer's patches and coccyx, defenders of immunity and humble anchors, contributing to defense and supporting the symphony of pelvic muscles.",195.png
"The Bowman's capsule and Meibomian glands, initiators in the kidney's realm and oil painters in the eyelid's studio, embracing urine formation and contributing to tear film stability.",196.png
"The Islets of Langerhans and Macula, hormonal architects in the pancreas and central watchers in the retinal cosmos, composing melodies of blood glucose regulation and orchestrating high-resolution visions.",197.png
"The heart and lungs, intertwined in the dance of life, where each beat echoes the rhythm of breath, and each breath sustains the pulsating heartbeat.",198.png
"The liver and kidneys, harmonious collaborators, filtering and shaping the body's fluidic composition, creating a symphony of purity.",199.png
"The brain and stomach, cognitive and digestive comrades, orchestrating thoughts and weaving the alchemy of gastronomic transformation.",200.png
"The pancreas and small intestine, synchronized partners, crafting a ballet of digestion, absorption, and nutrient infusion.",201.png
"The large intestine and spleen, defenders of balance, sculpting the final masterpiece of waste and harmonizing with the immune ensemble.",202.png
"The bladder and skin, fluidic allies, one storing liquid whispers, the other safeguarding the body's canvas from external realms.",203.png
"The thyroid gland and adrenal glands, metabolic dance partners, balancing energy, stress, and hormonal nuances in life's intricate choreography.",204.png
"The gallbladder and esophagus, digestive duet, infusing digestive magic and guiding the culinary journey of food.",205.png
"The uterus and ovaries, celestial companions, nurturing life's threads and casting celestial eggs into the vast expanse of potentiality.",206.png
"The testes and prostate gland, architects of masculinity, forging life's seeds and releasing the elixir of reproductive dance.",207.png
"The thymus and pineal gland, guardians of immunity and sleep, shaping melodies of defense and guiding the ethereal realm of dreams.",208.png
"The gallbladder and cartilage, allies in digestion and flexibility, infusing bile's alchemy and sculpting the graceful dance of joints.",209.png
"The pituitary gland and adipose tissue, hormonal conductors, directing the symphony of growth and metabolism in the soft sanctuary of energy.",210.png
"The throat and placenta, conduits of communication and life-exchange, channeling breath, voice, and the essence of pregnancy.",211.png
"The appendix and eardrum, enigmatic companions, one holding microbial secrets, the other translating sound waves into the language of hearing.",212.png
"The intervertebral discs and tonsils, supportive cushions and immune sentinels, preserving the spine and standing guard in the throat's gateway.",213.png
"The prostate gland and placenta, partners in reproductive dance, releasing seminal fluid and fostering the exchange of life's essence between two beings.",214.png
"The synovial membrane and vagus nerve, collaborators in joint health and neural influence, weaving the fabric of lubrication and guiding the dance of the nervous system.",215.png
"The Eustachian tube and appendix, allies in maintaining equilibrium and enigmatic guardianship, balancing pressure and holding microbial diplomacy secrets.",216.png
"The pericardium and adipose tissue, protective embrace and soft oracle, safeguarding the heart and whispering tales of metabolic balance.",217.png
"The pons and aorta, bridge in the brainstem and grand thoroughfare of life, conducting signals for breathing and channeling the life force through oxygenated blood.",218.png
"The papillary muscles and ulna/radius, architects within the heart and sturdy builders of the forearm, orchestrating fluid ballet and enabling the graceful dance of hand and arm.",219.png
"The Peyer's patches and coccyx, defenders of immunity and humble anchors, contributing to defense and supporting the symphony of pelvic muscles.",220.png
"The Bowman's capsule and Meibomian glands, initiators in the kidney's realm and oil painters in the eyelid's studio, embracing urine formation and contributing to tear film stability.",221.png
"The Islets of Langerhans and Macula, hormonal architects in the pancreas and central watchers in the retinal cosmos, composing melodies of blood glucose regulation and orchestrating high-resolution visions.",222.png
"The heart, an unwavering drummer in the body's concert, pulsating life through intricate networks of veins and arteries.",223.png
"Lungs, ethereal bellows orchestrating the rhythmic dance of breath, inhaling life and exhaling the poetry of metabolic exchanges.",224.png
"The liver, a vigilant custodian filtering the bloodstream's tapestry, purifying it from toxins and secreting the elixir of nutrients.",225.png
"Kidneys, intricate architects of fluid balance, filtering the body's river of blood and crafting crystalline streams of exquisitely balanced urine.",226.png
"The brain, a cosmic symphony conductor, orchestrating intricate melodies of thoughts, emotions, and the dance of neural impulses.",227.png
"Stomach, a gastronomic maestro, harmonizing culinary elements into a digestible composition with its enzymatic ensemble.",228.png
"The pancreas, a biochemical composer, releasing insulin's sonata to regulate blood sugar and contributing to the digestive opera.",229.png
"The small intestine, a nutrient explorer navigating the labyrinth of digestion, absorbing the poetry of sustenance with grace.",230.png
"The large intestine, a watercolor artist painting the final strokes on the canvas of waste, contributing to the body's masterpiece of elimination.",231.png
"Spleen, a vigilant guardian in the bloodstream, filtering out intruders and harmonizing with the body's immune symphony.",232.png
"Bladder, a resilient reservoir patiently holding liquid stories until the curtain rises for its controlled excretion.",233.png
"Skin, a protective tapestry shielding the body from external realms, regulating the ballet of temperature and touch.",234.png
"Thyroid gland, a metabolic sorcerer crafting the cadence of energy and growth with its hormonal wand.",235.png
"Adrenal glands, emotional alchemists releasing the elixirs of stress, resilience, and hormonal echoes.",236.png
"The gallbladder, a bile conductor in the digestive symphony, infusing the digestive process with its concentrated alchemical bile.",237.png
"Esophagus, a muscular saga guiding food on its odyssey from mouth to stomach in the peristaltic epic.",238.png
"Uterus, a sanctuary of creation nurturing life's delicate threads during the miraculous ballet of pregnancy.",239.png
"Ovaries, celestial weavers of fertility, casting the cosmic threads of eggs into the vast fabric of potential life.",240.png
"Testes, guardians of legacy, forging the seeds of life and orchestrating the cosmic symphony of masculinity.",241.png
"The thymus, an immune maestro sculpting the melodies of T-cells in the harmonious garden of immune defense.",242.png
"Pineal gland, a celestial timekeeper, releasing the cosmic elixir of melatonin, guiding the realm of dreams.",243.png
"Gallbladder, a golden flask in the digestive alchemy, infusing the digestive process with its concentrated bile.",244.png
"Cartilage, a silent architect of flexibility, sculpting joints and lending grace to the ballet of movement.",245.png
"Pituitary gland, the cosmic puppeteer directing the endocrine ensemble and weaving the tapestry of growth.",246.png
"Adipose tissue, a soft sanctuary of energy storing reserves and secreting whispers of metabolic balance.",247.png
"Throat, a resonant passage channeling breath and voice in the symphony of communication and nourishment.",248.png
"Placenta, a bridge between worlds during pregnancy, exchanging the currency of life between mother and child.",249.png
"Appendix, a cryptic guardian at the crossroads of immunity, holding secrets of microbial diplomacy.",250.png
"Eardrum, a vibrational maestro in the auditory orchestra, translating sound waves into the language of hearing.",251.png
"Intervertebral discs, the resilient cushions of the spine, absorbing shocks and preserving the dance of vertebrae.",252.png
"Tonsils, vigilant guardians at the gateway of the throat, standing sentinel against invading forces.",253.png
"Prostate gland, a guardian of masculinity releasing the elixir of seminal fluid in the dance of reproduction.",254.png
"Placenta, an ephemeral connection during pregnancy, fostering the exchange of life's essence between two beings.",255.png
"Synovial membrane, a delicate seamstress in the joint tapestry, weaving the fabric of lubrication and support.",256.png
"Vagus nerve, a wandering guide in the neural landscape, influencing the rhythm of the heart and digestive dance.",257.png
"Eustachian tube, a pressure equalizer in the ear's chamber, maintaining the harmonic equilibrium of hearing.",258.png
"Appendix, a mysterious relic with potential roles in immunity, an enigmatic guardian in the gut's realm.",259.png
"Pericardium, a protective embrace encircling the heart, safeguarding the pulsating center of life.",260.png
"Adipose tissue, a soft oracle of energy whispering tales of metabolism and insulation in the body's script.",261.png
"Pons, a bridge in the brainstem conducting signals for the dance of breathing and sleep-wake cycles.",262.png
"The aorta, a grand thoroughfare of life channeling oxygenated blood to the far reaches of the body's kingdom.",263.png
"Papillary muscles, small architects within the heart anchoring valves and orchestrating the fluid ballet.",264.png
"Ulna and radius, sturdy architects of the forearm enabling the graceful dance of hand and arm movements.",265.png
"Peyer's patches, immune sentinels in the gut's fortress contributing to the resilient defense against invaders.",266.png
"Coccyx, a humble anchor in the pelvic harbor supporting the symphony of pelvic floor muscles and ligaments.",267.png
"Bowman's capsule, a capsule of initiation in the kidney's realm embracing the genesis of urine formation.",268.png
"Meibomian glands, oil painters in the eyelid's studio contributing to the masterpiece of tear film stability.",269.png
"Islets of Langerhans, hormonal architects in the pancreas composing the melodies of blood glucose regulation.",270.png
"Macula, a central watcher in the retinal cosmos orchestrating high-resolution visions in the visual symphony.",271.png
"A harmonious duo, the heart and lungs, nestled together like entwined lovers, the heart pulsating within the cage of ribs, while lungs flutter in rhythmic embrace, a dance of life and breath, in the symphony of the thoracic cavity.",272.png
"The liver and kidneys, a dynamic duo in the abdominal realm, the liver, a robust burgundy organ, perched atop the abdominal stage, while the kidneys, two bean-shaped sentinels, flank each side, sculpting fluidic symphonies.",273.png
"A celestial trio, the brain, stomach, and pancreas, a dance of cognition, digestion, and hormonal alchemy, the brain, a convoluted universe in the cranium, the stomach, a muscular sack in the abdominal theater, and the pancreas, a nestled organ releasing hormonal whispers.",274.png
"The large intestine and spleen, a duo safeguarding the body's balance, the large intestine, a winding tapestry of loops and curves, and the spleen, a plum-sized sentinel nestled among the ribs, a guardian in the immune ballet.",275.png
"The bladder and skin, an alliance in fluidic harmony, the bladder, a resilient pouch tucked in the pelvic basin, and the skin, a tapestry of textures shielding the body's canvas, a duo choreographing the dance of fluid balance.",276.png
"The thyroid gland and adrenal glands, architects of metabolic nuances, the thyroid, a butterfly-shaped maestro in the neck's embrace, and the adrenals, twin sentinels atop the kidneys, a duo crafting hormonal symphonies.",277.png
"The gallbladder and esophagus, partners in digestive poetry, the gallbladder, a small sac nestled beneath the liver's shade, and the esophagus, a muscular tube orchestrating the odyssey of food from mouth to stomach.",278.png
"The uterus and ovaries, celestial companions in the tapestry of fertility, the uterus, a pear-shaped sanctuary nestled in the pelvis, and the ovaries, twin celestial orbs releasing cosmic eggs into the vast expanse of potential life.",279.png
"The testes and prostate gland, architects of masculinity, the testes, twin guardians suspended in the scrotum, and the prostate, a walnut-sized sentinel wrapped around the urethra, a duo sculpting the symphony of reproduction.",280.png
"The thymus and pineal gland, guardians in the realms of immunity and sleep, the thymus, a delicate organ beneath the sternum, and the pineal gland, a tiny pinecone-shaped sentinel deep within the brain, a celestial duo sculpting defense and dreams.",281.png
"The gallbladder and cartilage, allies in digestion and flexibility, the gallbladder, a small reservoir beneath the liver, and cartilage, a flexible sculptor shaping joints in the body's ballet of movement, a dynamic duo.",282.png
"The pituitary gland and adipose tissue, conductors of hormonal symphonies, the pituitary, a pea-sized maestro at the base of the brain, and adipose tissue, soft reserves weaving whispers of metabolic balance, a harmonious duo in the body's orchestration.",283.png
"The throat and placenta, conduits of communication and life-exchange, the throat, a resonant passage channeling breath and voice, and the placenta, a bridge of life exchange during pregnancy, a dynamic duo in the symphony of connection.",284.png
"The appendix and eardrum, enigmatic companions in diverse realms, the appendix, a cryptic guardian in the gut's territory, and the eardrum, a vibrational maestro translating sound waves into the language of hearing, a mysterious duo.",285.png
"The intervertebral discs and tonsils, supportive cushions and immune sentinels, the intervertebral discs, resilient cushions along the spine, and tonsils, vigilant guardians at the throat's gateway, a duo preserving the body's structural and immune harmony.",286.png
"The prostate gland and placenta, partners in the dance of reproduction, the prostate, a guardian of masculinity, and the placenta, an ephemeral bridge nurturing life's essence between two beings, a dynamic duo in the cosmic ballet.",287.png
"The synovial membrane and vagus nerve, collaborators in joint health and neural influence, the synovial membrane, a delicate seamstress weaving the fabric of joint lubrication, and the vagus nerve, a wandering guide influencing the dance of the nervous system, a duo orchestrating harmony.",288.png
"The Eustachian tube and appendix, allies in maintaining equilibrium and enigmatic guardianship, the Eustachian tube, a pressure equalizer in the ear's chamber, and the appendix, a mysterious guardian holding microbial diplomacy secrets, a dynamic duo in balance.",289.png
"The pericardium and adipose tissue, protective embrace and soft oracle, the pericardium, a membranous shield cradling the heart, and adipose tissue, a soft oracle whispering tales of metabolism, a duo safeguarding the body's vital balance.",290.png
"The pons and aorta, a bridge in the brainstem and grand thoroughfare of life, the pons, a bridge connecting different brain regions, and the aorta, a grand artery channeling oxygenated blood, a duo conducting signals and life force.",291.png
"The papillary muscles and ulna/radius, architects within the heart and sturdy builders of the forearm, the papillary muscles, small architects anchoring heart valves, and the ulna/radius, sturdy builders enabling the graceful dance of hand and arm movements, a dynamic duo in structure and movement.",292.png
"The Peyer's patches and coccyx, defenders of immunity and humble anchors, Peyer's patches, immune sentinels in the gut's fortress, and the coccyx, a humble anchor in the pelvic harbor, a duo contributing to defense and structural support.",293.png
"The Bowman's capsule and Meibomian glands, initiators in the kidney's realm and oil painters in the eyelid's studio, the Bowman's capsule, a capsule initiating urine formation, and Meibomian glands, oil painters contributing to tear film stability, a duo crafting fluids in unique artistic expressions.",294.png
"The Islets of Langerhans and Macula, hormonal architects and central watchers, the Islets of Langerhans, hormonal architects in the pancreas, and the Macula, a central watcher orchestrating high-resolution visions in the retinal cosmos, a duo composing hormonal melodies and visual symphonies.",295.png
"The heart and lungs, intertwined in the dance of life, each beat echoing the rhythm of breath, and each breath sustaining the pulsating heartbeat, a dynamic duo in the symphony of existence.",296.png
"The liver and kidneys, harmonious collaborators filtering and shaping the body's fluidic composition, creating a symphony of purity, a dynamic duo in the abdominal realm.",297.png
"The brain and stomach, cognitive and digestive comrades orchestrating thoughts and weaving the alchemy of gastronomic transformation, a celestial duo in the body's complex orchestra.",298.png
"The pancreas and small intestine, synchronized performers crafting a ballet of digestion, absorption, and nutrient infusion, a harmonious duo in the digestive symphony.",299.png
"The large intestine and spleen, defenders of balance sculpting the final masterpiece of waste and harmonizing with the immune ensemble, a dynamic duo preserving harmony in the abdominal theater.",300.png
"The bladder and skin, fluidic allies storing liquid whispers and safeguarding the body's canvas from external realms, a resilient duo in fluidic balance.",301.png
"The thyroid gland and adrenal glands, metabolic dance partners balancing energy, stress, and hormonal nuances in life's intricate choreography, a dynamic duo in the body's metabolic ballet.",302.png
"The gallbladder and esophagus, digestive duet infusing digestive magic and guiding the culinary journey of food, a harmonious duo in the body's gastronomic ballet.",303.png
"The uterus and ovaries, celestial companions nurturing life's threads and casting celestial eggs into the vast expanse of potentiality, a dynamic duo in the cosmic ballet of fertility.",304.png
"The testes and prostate gland, architects of masculinity forging life's seeds and releasing the elixir of reproductive dance, a dynamic duo in the symphony of reproduction.",305.png
"The thymus and pineal gland, guardians of immunity and sleep shaping melodies of defense and guiding the ethereal realm of dreams, a celestial duo in the body's ethereal symphony.",306.png
"The gallbladder and cartilage, allies in digestion and flexibility infusing bile's alchemy and sculpting the graceful dance of joints, a dynamic duo in the alchemical ballet.",307.png
"The pituitary gland and adipose tissue, hormonal conductors directing the symphony of growth and metabolism in the soft sanctuary of energy, a harmonious duo in the endocrine orchestra.",308.png
"The throat and placenta, conduits of communication and life-exchange channeling breath, voice, and the essence of pregnancy, a dynamic duo in the body's symphony of connection and creation.",309.png
"The appendix and eardrum, enigmatic companions holding microbial secrets and translating sound waves into the language of hearing, a mysterious duo in the body's enigmatic realms.",310.png
"The intervertebral discs and tonsils, supportive cushions and immune sentinels preserving the spine and standing guard in the throat's gateway, a dynamic duo in the body's structural and immune harmony.",311.png
"The prostate gland and placenta, partners in reproductive dance releasing seminal fluid and fostering the exchange of life's essence between two beings, a celestial duo in the cosmic ballet of reproduction.",312.png
"The synovial membrane and vagus nerve, collaborators in joint health and neural influence weaving the fabric of lubrication and guiding the dance of the nervous system, a dynamic duo in the body's neuromuscular symphony.",313.png
"The Eustachian tube and appendix, allies in maintaining equilibrium and enigmatic guardianship balancing pressure and holding microbial diplomacy secrets, a mysterious duo in the body's dynamic equilibrium.",314.png
"The pericardium and adipose tissue, protective embrace and soft oracle safeguarding the heart and whispering tales of metabolic balance, a harmonious duo in the body's protective and metabolic orchestration.",315.png
"The pons and aorta, bridge in the brainstem and grand thoroughfare of life conducting signals for breathing and channeling the life force through oxygenated blood, a dynamic duo in the body's vital signal transmission.",316.png
"The papillary muscles and ulna/radius, architects within the heart and sturdy builders of the forearm orchestrating fluid ballet and enabling the graceful dance of hand and arm, a harmonious duo in the body's structural and movement symphony.",317.png
"The Peyer's patches and coccyx, defenders of immunity and humble anchors contributing to defense and supporting the symphony of pelvic muscles, a dynamic duo in the body's immune and structural harmony.",318.png
"The Bowman's capsule and Meibomian glands, initiators in the kidney's realm and oil painters in the eyelid's studio embracing urine formation and contributing to tear film stability, a harmonious duo in the body's fluidic dynamics.",319.png
"The Islets of Langerhans and Macula, hormonal architects in the pancreas and central watchers in the retinal cosmos composing melodies of blood glucose regulation and orchestrating high-resolution visions, a dynamic duo in the body's endocrine and visual symphony.",320.png
"The heart and lungs, an intimate duet, the heart, a pulsating ruby nestled between sturdy ribs, and lungs, ethereal bellows expanding and contracting with poetic grace, a dynamic duo in the symphony of life, their rhythmic dance echoing the essence of existence.",321.png
"The liver and kidneys, sculptors of fluidic harmony, the liver, a robust burgundy organ perched atop the abdominal stage, and kidneys, two bean-shaped sentinels adorned on either side, crafting crystalline streams in the intricate ballet of filtration, a dynamic duo in the abdominal symphony.",322.png
"The brain, stomach, and pancreas, a cognitive trio in the body's gastronomic theater, the brain, a convoluted universe nestled in the cranium, the stomach, a muscular sack orchestrating digestion's alchemical transformations, and the pancreas, a nestled organ releasing hormonal whispers, a celestial trio in the complex orchestration.",323.png
"The large intestine and spleen, defenders of balance in the abdominal realm, the large intestine, a winding tapestry of loops and curves absorbing residual tales, and the spleen, a plum-sized sentinel nestled among the ribs, harmonizing with the immune ensemble, a dynamic duo shaping the final masterpiece of waste.",324.png
"The bladder and skin, fluidic allies in the dance of equilibrium, the bladder, a resilient pouch tucked in the pelvic basin, holding liquid stories, and the skin, a textured canvas shielding the body's essence, a harmonious duo in the fluidic ballet, their synchrony narrating tales of balance.",325.png
"The thyroid gland and adrenal glands, metabolic sorcerers in a dance of balance, the thyroid, a butterfly-shaped maestro perched in the neck's embrace, and adrenal glands, twin sentinels atop the kidneys, crafting hormonal symphonies in the body's metabolic ballet, their collaboration orchestrating the dance of energy.",326.png
"The gallbladder and esophagus, partners in the gastronomic waltz, the gallbladder, a small sac beneath the liver, infusing digestive magic, and the esophagus, a muscular tube guiding the culinary journey from mouth to stomach, a dynamic duo orchestrating the gastronomic ballet with finesse.",327.png
"The uterus and ovaries, celestial companions in the ballet of fertility, the uterus, a pear-shaped sanctuary nestled in the pelvis, cradling the potential for life's delicate threads, and ovaries, twin celestial orbs releasing cosmic eggs into the vast expanse of potentiality, a dynamic duo in the cosmic ballet.",328.png
"The testes and prostate gland, architects of masculinity forging life's seeds, the testes, twin guardians suspended in the scrotum, and the prostate, a walnut-sized sentinel wrapped around the urethra, a dynamic duo sculpting the symphony of reproduction, their collaboration echoing the essence of masculinity.",329.png
"The thymus and pineal gland, guardians shaping melodies of defense and dreams, the thymus, a delicate organ beneath the sternum orchestrating the immune ensemble, and the pineal gland, a tiny pinecone-shaped sentinel deep within the brain, guiding the ethereal realm of dreams, a celestial duo in the body's ethereal symphony.",330.png
"The gallbladder and cartilage, allies infusing alchemy and flexibility, the gallbladder, a small reservoir beneath the liver contributing to digestive magic, and cartilage, a silent architect sculpting the graceful dance of joints, a dynamic duo in the alchemical ballet, their collaboration narrating tales of digestive grace and joint flexibility.",331.png
"The pituitary gland and adipose tissue, conductors of hormonal symphonies in a soft sanctuary, the pituitary, a pea-sized maestro at the base of the brain orchestrating the endocrine ensemble, and adipose tissue, soft reserves weaving whispers of metabolic balance, a harmonious duo in the body's hormonal and metabolic orchestra.",332.png
"The throat and placenta, conduits of communication and life-exchange, the throat, a resonant passage channeling breath and voice in the symphony of communication, and the placenta, a bridge nurturing life's essence during pregnancy, a dynamic duo in the body's symphony of connection and creation, their collaboration shaping the narrative of breath and life exchange.",333.png
"The appendix and eardrum, enigmatic companions in diverse realms, the appendix, a cryptic guardian in the gut's territory holding microbial secrets, and the eardrum, a vibrational maestro translating sound waves into the language of hearing, a mysterious duo in the body's enigmatic domains, each narrating tales of mystery and auditory wonder.",334.png
"The intervertebral discs and tonsils, supportive cushions and immune sentinels, the intervertebral discs, resilient cushions along the spine preserving structural integrity, and tonsils, vigilant guardians at the throat's gateway, standing sentinel against invading forces, a dynamic duo narrating tales of structural support and immune defense.",335.png
"The prostate gland and placenta, partners in the dance of reproduction and life-exchange, the prostate, a guardian of masculinity releasing seminal fluid, and the placenta, an ephemeral bridge fostering the exchange of life's essence between two beings during pregnancy, a celestial duo in the cosmic ballet of reproduction and life.",336.png
"The synovial membrane and vagus nerve, collaborators weaving the fabric of joint lubrication and neural influence, the synovial membrane, a delicate seamstress in the joint tapestry crafting lubrication, and the vagus nerve, a wandering guide influencing the dance of the nervous system, a dynamic duo orchestrating the symphony of neuromuscular harmony.",337.png
"The Eustachian tube and appendix, allies in maintaining equilibrium and enigmatic guardianship, the Eustachian tube, a pressure equalizer in the ear's chamber preserving harmonic equilibrium, and the appendix, a mysterious guardian holding secrets of microbial diplomacy, a mysterious duo in the body's dynamic equilibrium, each contributing to tales of balance and enigma.",338.png
"The pericardium and adipose tissue, protective embrace and soft oracle safeguarding the heart and whispering tales of metabolic balance, the pericardium, a membranous shield cradling the heart, and adipose tissue, a soft oracle whispering tales of metabolism and insulation, a harmonious duo in the body's protective and metabolic orchestration, their collaboration narrating tales of protection and metabolic grace.",339.png
"The pons and aorta, bridge in the brainstem conducting signals for breathing and channeling the life force, the pons, a bridge connecting different brain regions, and the aorta, a grand thoroughfare of life conducting oxygenated blood to the far reaches of the body's kingdom, a dynamic duo in the body's vital signal transmission and life force channeling.",340.png
"The papillary muscles and ulna/radius, architects within the heart and sturdy builders of the forearm orchestrating fluid ballet and enabling the graceful dance of hand and arm, the papillary muscles, small architects anchoring heart valves, and the ulna/radius, sturdy builders enabling the graceful dance of hand and arm movements, a harmonious duo in the body's structural and movement symphony, each contributing to tales of fluidic grace and movement.",341.png
"The Peyer's patches and coccyx, defenders of immunity and humble anchors contributing to defense and supporting the symphony of pelvic muscles, Peyer's patches, immune sentinels in the gut's fortress, and the coccyx, a humble anchor in the pelvic harbor, a dynamic duo in the body's immune and structural harmony, their collaboration narrating tales of immunity and pelvic support.",342.png
"The Bowman's capsule and Meibomian glands, initiators in the kidney's realm and oil painters in the eyelid's studio embracing urine formation and contributing to tear film stability, the Bowman's capsule, a capsule initiating urine formation in the kidney's realm, and Meibomian glands, oil painters contributing to tear film stability in the eyelid's studio, a harmonious duo in the body's fluidic dynamics, each crafting fluidic tales in their unique artistic expressions.",343.png
"The Islets of Langerhans and Macula, hormonal architects in the pancreas and central watchers in the retinal cosmos composing melodies of blood glucose regulation and orchestrating high-resolution visions, the Islets of Langerhans, hormonal architects in the pancreas sculpting melodies of blood glucose regulation, and the Macula, a central watcher in the retinal cosmos orchestrating high-resolution visions, a dynamic duo in the body's endocrine and visual symphony, each contributing to tales of hormonal balance and visual acuity.",344.png
"The heart and lungs, intertwined in the dance of life, each beat echoing the rhythm of breath, and each breath sustaining the pulsating heartbeat, a dynamic duo in the symphony of existence.",345.png
"The liver and kidneys, harmonious collaborators filtering and shaping the body's fluidic composition, creating a symphony of purity, a dynamic duo in the abdominal realm.",346.png
"The brain and stomach, cognitive and digestive comrades orchestrating thoughts and weaving the alchemy of gastronomic transformation, a celestial duo in the body's complex orchestra.",347.png
"The pancreas and small intestine, synchronized performers crafting a ballet of digestion, absorption, and nutrient infusion, a harmonious duo in the digestive symphony.",348.png
"The large intestine and spleen, defenders of balance sculpting the final masterpiece of waste and harmonizing with the immune ensemble, a dynamic duo preserving harmony in the abdominal theater.",349.png
"The bladder and skin, fluidic allies storing liquid whispers and safeguarding the body's canvas from external realms, a resilient duo in fluidic balance.",350.png
"The thyroid gland and adrenal glands, metabolic dance partners balancing energy, stress, and hormonal nuances in life's intricate choreography, a dynamic duo in the body's metabolic ballet.",351.png
"The gallbladder and esophagus, digestive duet infusing digestive magic and guiding the culinary journey of food, a harmonious duo in the body's gastronomic ballet.",352.png
"The uterus and ovaries, celestial companions nurturing life's threads and casting celestial eggs into the vast expanse of potentiality, a dynamic duo in the cosmic ballet of fertility.",353.png
"The testes and prostate gland, architects of masculinity forging life's seeds and releasing the elixir of reproductive dance, a dynamic duo in the symphony of reproduction.",354.png
"The thymus and pineal gland, guardians of immunity and sleep shaping melodies of defense and guiding the ethereal realm of dreams, a celestial duo in the body's ethereal symphony.",355.png
"The gallbladder and cartilage, allies in digestion and flexibility infusing bile's alchemy and sculpting the graceful dance of joints, a dynamic duo in the alchemical ballet.",356.png
"The pituitary gland and adipose tissue, hormonal conductors directing the symphony of growth and metabolism in the soft sanctuary of energy, a harmonious duo in the endocrine orchestra.",357.png
"The throat and placenta, conduits of communication and life-exchange channeling breath, voice, and the essence of pregnancy, a dynamic duo in the body's symphony of connection and creation.",358.png
"The appendix and eardrum, enigmatic companions holding microbial secrets and translating sound waves into the language of hearing, a mysterious duo in the body's enigmatic realms.",359.png
"The intervertebral discs and tonsils, supportive cushions and immune sentinels preserving the spine and standing guard in the throat's gateway, a dynamic duo in the body's structural and immune harmony.",360.png
"The prostate gland and placenta, partners in reproductive dance releasing seminal fluid and fostering the exchange of life's essence between two beings, a celestial duo in the cosmic ballet of reproduction.",361.png
"The synovial membrane and vagus nerve, collaborators in joint health and neural influence weaving the fabric of lubrication and guiding the dance of the nervous system, a dynamic duo in the body's neuromuscular symphony.",362.png
"The Eustachian tube and appendix, allies in maintaining equilibrium and enigmatic guardianship balancing pressure and holding microbial diplomacy secrets, a mysterious duo in the body's dynamic equilibrium.",363.png
"The pericardium and adipose tissue, protective embrace and soft oracle safeguarding the heart and whispering tales of metabolic balance, a harmonious duo in the body's protective and metabolic orchestration.",364.png
"The pons and aorta, bridge in the brainstem and grand thoroughfare of life conducting signals for breathing and channeling the life force through oxygenated blood, a dynamic duo in the body's vital signal transmission.",365.png
"The papillary muscles and ulna/radius, architects within the heart and sturdy builders of the forearm orchestrating fluid ballet and enabling the graceful dance of hand and arm, a harmonious duo in the body's structural and movement symphony.",366.png
"The Peyer's patches and coccyx, defenders of immunity and humble anchors contributing to defense and supporting the symphony of pelvic muscles, a dynamic duo in the body's immune and structural harmony.",367.png
"The Bowman's capsule and Meibomian glands, initiators in the kidney's realm and oil painters in the eyelid's studio embracing urine formation and contributing to tear film stability, a harmonious duo in the body's fluidic dynamics.",368.png
"The Islets of Langerhans and Macula, hormonal architects in the pancreas and central watchers in the retinal cosmos composing melodies of blood glucose regulation and orchestrating high-resolution visions, a dynamic duo in the body's endocrine and visual symphony.",369.png
"The heart and lungs, resilient in their dance of life, yet vulnerable to the parasitic whispers of cardiovascular afflictions and the mutation-laden shadows that may alter their rhythmic symphony.",370.png
"The liver and kidneys, stalwart guardians of fluidic purity, yet susceptible to the clandestine invasions of parasitic interlopers and the lurking specter of renal mutations altering their harmonious filtration ballet.",371.png
"The brain, stomach, and pancreas, cognitive and digestive architects, navigating the intricate labyrinth of neural disorders, gastrointestinal maladies, and genetic mutations that may cast shadows on their complex orchestration.",372.png
"The large intestine and spleen, defenders of balance in the abdominal realm, resilient against microbial invaders and immune adversaries, yet susceptible to the unpredictable mutations that may disrupt their synchronized defense ballet.",373.png
"The bladder and skin, fluidic allies resilient against external threats, yet vulnerable to parasitic infiltrations and the mutational winds that may disturb their fluidic equilibrium and protective embrace.",374.png
"The thyroid gland and adrenal glands, metabolic dance partners in the body's intricate choreography, resilient against hormonal imbalances, yet susceptible to parasitic disruptions and genetic mutations altering their delicate dance.",375.png
"The gallbladder and esophagus, digestive duet infusing magic into culinary journeys, resilient against gastric disruptions, yet susceptible to parasitic enchantments and genetic mutations shaping their gastronomic ballet.",376.png
"The uterus and ovaries, celestial companions in the ballet of fertility, resilient against reproductive challenges, yet vulnerable to the parasitic threads and genetic mutations that may weave intricate patterns in their cosmic dance.",377.png
"The testes and prostate gland, architects of masculinity forging life's seeds, resilient against reproductive adversities, yet susceptible to parasitic intruders and genetic mutations altering the symphony of reproduction.",378.png
"The thymus and pineal gland, guardians of immunity and sleep, resilient against ethereal disturbances, yet vulnerable to parasitic whispers and genetic mutations shaping the melodies of defense and dreams.",379.png
"The gallbladder and cartilage, allies in digestion and flexibility, resilient against alchemical disruptions, yet susceptible to parasitic influences and genetic mutations sculpting the dynamic ballet of digestion and joint movement.",380.png
"The pituitary gland and adipose tissue, hormonal conductors in the soft sanctuary of energy, resilient against endocrine imbalances, yet vulnerable to parasitic orchestrations and genetic mutations shaping the symphony of growth and metabolism.",381.png
"The throat and placenta, conduits of communication and life-exchange, resilient against respiratory and pregnancy adversities, yet susceptible to parasitic whispers and genetic mutations influencing the symphony of breath and creation.",382.png
"The appendix and eardrum, enigmatic companions in diverse realms, resilient against enigmatic disturbances, yet vulnerable to parasitic secrets and genetic mutations altering their roles in the body's mysteries.",383.png
"The intervertebral discs and tonsils, supportive cushions and immune sentinels, resilient against structural and immune challenges, yet susceptible to parasitic intrusions and genetic mutations shaping their harmonious roles.",384.png
"The prostate gland and placenta, partners in the dance of reproduction and life-exchange, resilient against reproductive challenges, yet vulnerable to parasitic whispers and genetic mutations shaping the cosmic ballet of life.",385.png
"The synovial membrane and vagus nerve, collaborators in joint health and neural influence, resilient against neuromuscular imbalances, yet susceptible to parasitic disruptions and genetic mutations weaving the fabric of their symphony.",386.png
"The Eustachian tube and appendix, allies in maintaining equilibrium and enigmatic guardianship, resilient against enigmatic disturbances, yet vulnerable to parasitic influences and genetic mutations shaping their dynamic equilibrium roles.",387.png
"The pericardium and adipose tissue, protective embrace and soft oracle, resilient against cardiac and metabolic challenges, yet susceptible to parasitic whispers and genetic mutations shaping the narratives of protection and metabolic balance.",388.png
"The pons and aorta, bridge in the brainstem and grand thoroughfare of life, resilient against vital signal disruptions, yet vulnerable to parasitic orchestrations and genetic mutations conducting the symphony of vital transmission.",389.png
"The papillary muscles and ulna/radius, architects within the heart and sturdy builders of the forearm, resilient against fluidic and structural imbalances, yet susceptible to parasitic whispers and genetic mutations shaping the structural and movement symphony.",390.png
"The Peyer's patches and coccyx, defenders of immunity and humble anchors, resilient against immune and structural challenges, yet vulnerable to parasitic intruders and genetic mutations contributing to their roles in the body's symphony.",391.png
"The Bowman's capsule and Meibomian glands, initiators in the kidney's realm and oil painters in the eyelid's studio, resilient against fluidic and ocular challenges, yet susceptible to parasitic infiltrations and genetic mutations shaping their fluidic dynamics and visual contributions.",392.png
"The Islets of Langerhans and Macula, hormonal architects in the pancreas and central watchers in the retinal cosmos, resilient against endocrine and visual challenges, yet vulnerable to parasitic orchestrations and genetic mutations composing the symphony of their roles.",393.png
"The heart and lungs, intertwined in the dance of life, resilient yet vulnerable to parasitic whispers of cardiovascular afflictions and the mutation-laden shadows that may alter their rhythmic symphony.",394.png
"The liver and kidneys, stalwart guardians of fluidic purity, yet susceptible to the clandestine invasions of parasitic interlopers and the lurking specter of renal mutations altering their harmonious filtration ballet.",395.png
"The brain and stomach, cognitive and digestive comrades orchestrating thoughts and weaving the alchemy of gastronomic transformation, navigating the intricate labyrinth of neural disorders, gastrointestinal maladies, and genetic mutations that may cast shadows on their complex orchestration.",396.png
"The pancreas and small intestine, synchronized performers crafting a ballet of digestion, absorption, and nutrient infusion, resilient yet susceptible to the invisible forces of parasitic infiltrations and genetic mutations altering their digestive symphony.",397.png
"The large intestine and spleen, defenders of balance sculpting the final masterpiece of waste, resilient yet vulnerable to the parasitic threads and mutations that may disrupt their synchronized defense ballet.",398.png
"The bladder and skin, fluidic allies storing liquid whispers and safeguarding the body's canvas from external realms, a resilient duo in fluidic balance yet susceptible to parasitic infiltrations and mutations disrupting their fluidic equilibrium.",399.png
"The thyroid gland and adrenal glands, metabolic dance partners balancing energy, stress, and hormonal nuances in life's intricate choreography, a dynamic duo in the body's metabolic ballet, resilient yet susceptible to parasitic disruptions and genetic mutations altering their delicate dance.",400.png
"The gallbladder and esophagus, digestive duet infusing digestive magic and guiding the culinary journey of food, a harmonious duo in the body's gastronomic ballet, resilient against gastric disruptions yet susceptible to parasitic orchestrations and genetic mutations shaping their gastronomic symphony.",401.png
"The uterus and ovaries, celestial companions nurturing life's threads and casting celestial eggs into the vast expanse of potentiality, a dynamic duo in the cosmic ballet of fertility, resilient against reproductive adversities yet vulnerable to parasitic whispers and mutations shaping the cosmic dance.",402.png
"The testes and prostate gland, architects of masculinity forging life's seeds and releasing the elixir of reproductive dance, a dynamic duo in the symphony of reproduction, resilient yet susceptible to parasitic intruders and genetic mutations altering the reproduction symphony.",403.png
"The thymus and pineal gland, guardians of immunity and sleep shaping melodies of defense and guiding the ethereal realm of dreams, a celestial duo in the body's ethereal symphony, resilient against ethereal disturbances yet vulnerable to parasitic whispers and mutations shaping the ethereal dance.",404.png
"The gallbladder and cartilage, allies in digestion and flexibility, resilient against alchemical disruptions yet susceptible to parasitic influences and genetic mutations sculpting the dynamic ballet of digestion and joint movement.",405.png
"The pituitary gland and adipose tissue, hormonal conductors directing the symphony of growth and metabolism in the soft sanctuary of energy, a harmonious duo in the endocrine orchestra, resilient against endocrine imbalances yet susceptible to parasitic orchestrations and genetic mutations altering their harmonious symphony.",406.png
"The throat and placenta, conduits of communication and life-exchange channeling breath, voice, and the essence of pregnancy, a dynamic duo in the body's symphony of connection and creation, resilient against respiratory and pregnancy adversities yet susceptible to parasitic whispers and mutations influencing the symphony of breath and creation.",407.png
"The appendix and eardrum, enigmatic companions in diverse realms, resilient against enigmatic disturbances yet vulnerable to parasitic secrets and genetic mutations altering their roles in the body's mysteries.",408.png
"The intervertebral discs and tonsils, supportive cushions and immune sentinels preserving the spine and standing guard in the throat's gateway, a dynamic duo in the body's structural and immune harmony, resilient against structural and immune challenges yet susceptible to parasitic intrusions and genetic mutations shaping their harmonious roles.",409.png
"The prostate gland and placenta, partners in the dance of reproduction and life-exchange, resilient against reproductive challenges yet vulnerable to parasitic whispers and genetic mutations shaping the cosmic ballet of life.",410.png
"The synovial membrane and vagus nerve, collaborators in joint health and neural influence, resilient against neuromuscular imbalances yet susceptible to parasitic disruptions and genetic mutations weaving the fabric of their symphony.",411.png
"The Eustachian tube and appendix, allies in maintaining equilibrium and enigmatic guardianship balancing pressure and holding microbial diplomacy secrets, a mysterious duo in the body's dynamic equilibrium, resilient against enigmatic disturbances yet vulnerable to parasitic influences and genetic mutations shaping their dynamic equilibrium roles.",412.png
"The pericardium and adipose tissue, protective embrace and soft oracle safeguarding the heart and whispering tales of metabolic balance, a harmonious duo in the body's protective and metabolic orchestration, resilient against cardiac and metabolic challenges yet susceptible to parasitic whispers and genetic mutations shaping the narratives of protection and metabolic balance.",413.png
"The pons and aorta, bridge in the brainstem and grand thoroughfare of life conducting signals for breathing and channeling the life force through oxygenated blood, a dynamic duo in the body's vital signal transmission, resilient against vital signal disruptions yet vulnerable to parasitic orchestrations and genetic mutations conducting the symphony of vital transmission.",414.png
"The papillary muscles and ulna/radius, architects within the heart and sturdy builders of the forearm, resilient against fluidic and structural imbalances yet susceptible to parasitic whispers and genetic mutations shaping the structural and movement symphony.",415.png
"The Peyer's patches and coccyx, defenders of immunity and humble anchors, resilient against immune and structural challenges yet vulnerable to parasitic intruders and genetic mutations contributing to their roles in the body's symphony.",416.png
"The Bowman's capsule and Meibomian glands, initiators in the kidney's realm and oil painters in the eyelid's studio, resilient against fluidic and ocular challenges yet susceptible to parasitic infiltrations and genetic mutations shaping their fluidic dynamics and visual contributions.",417.png
"The Islets of Langerhans and Macula, hormonal architects in the pancreas and central watchers in the retinal cosmos, resilient against endocrine and visual challenges yet vulnerable to parasitic orchestrations and genetic mutations composing the symphony of their roles.",418.png
"The heart and lungs, stalwart in the dance of life, occasionally sway under the parasitic whispers of cardiovascular challenges and the subtle mutations orchestrating a clandestine symphony within their rhythmic ballet.",419.png
"The liver and kidneys, vigilant guardians of fluidic purity, navigate a delicate equilibrium, occasionally tested by parasitic interlopers and the elusive mutations that cast intricate shadows on their harmonious filtration ballet.",420.png
"The brain, stomach, and pancreas, masterminds of cognition and digestion, navigate a labyrinth of neural disorders, gastrointestinal quandaries, and the shadowy dance of mutations, crafting a complex orchestration with resilient precision.",421.png
"The large intestine and spleen, defenders of balance, weave an intricate masterpiece occasionally challenged by microbial intruders and the capricious mutations that disrupt their synchronized defense ballet.",422.png
"The bladder and skin, fluidic allies in unwavering balance, occasionally face the whims of parasitic infiltrations and the mutations that disturb their fluidic equilibrium, resilient in their protective embrace.",423.png
"The thyroid gland and adrenal glands, metabolic dance partners in life's intricate choreography, gracefully balance amidst hormonal nuances, occasionally disrupted by parasitic orchestrations and the nuanced play of genetic mutations.",424.png
"The gallbladder and esophagus, digestive artisans infusing magic into culinary journeys, occasionally encounter gastric disruptions, guided by parasitic orchestrations and the genetic nuances shaping their gastronomic symphony.",425.png
"The uterus and ovaries, celestial companions in the ballet of fertility, resilient against reproductive challenges, yet occasionally swayed by parasitic whispers and the subtle mutations weaving complex patterns in their cosmic dance.",426.png
"The testes and prostate gland, architects of masculinity in the symphony of reproduction, occasionally navigate through reproductive challenges, influenced by parasitic intruders and the nuanced mutations shaping the reproduction symphony.",427.png
"The thymus and pineal gland, guardians of immunity and sleep, shape melodies occasionally challenged by ethereal disturbances, influenced by parasitic whispers, and the subtle mutations guiding the ethereal dance.",428.png
"The gallbladder and cartilage, allies in digestion and flexibility, occasionally face alchemical disruptions, guided by parasitic influences and the nuanced mutations sculpting their dynamic ballet.",429.png
"The pituitary gland and adipose tissue, hormonal conductors in the soft sanctuary of energy, navigate endocrine imbalances with occasional grace, influenced by parasitic orchestrations and the nuanced mutations altering their harmonious symphony.",430.png
"The throat and placenta, conduits of communication and life-exchange, channel breath, voice, and the essence of pregnancy, occasionally navigating respiratory and pregnancy adversities, influenced by parasitic whispers and genetic mutations.",431.png
"The appendix and eardrum, enigmatic companions in diverse realms, occasionally face enigmatic disturbances, influenced by parasitic secrets and the subtle mutations altering their roles in the body's mysteries.",432.png
"The intervertebral discs and tonsils, supportive cushions and immune sentinels, resilient against structural and immune challenges, yet occasionally susceptible to parasitic intrusions and the nuanced mutations shaping their harmonious roles.",433.png
"The prostate gland and placenta, partners in the dance of reproduction and life-exchange, navigate reproductive challenges with occasional vulnerability to parasitic whispers and the subtle mutations shaping the cosmic ballet of life.",434.png
"The synovial membrane and vagus nerve, collaborators in joint health and neural influence, navigate neuromuscular imbalances with occasional grace, influenced by parasitic disruptions and the nuanced mutations in their symphony.",435.png
"The Eustachian tube and appendix, allies in maintaining equilibrium and enigmatic guardianship, occasionally balance pressure amidst enigmatic disturbances, influenced by parasitic influences and the subtle mutations shaping their dynamic equilibrium roles.",436.png
"The pericardium and adipose tissue, protective embrace and soft oracle, navigate cardiac and metabolic challenges with occasional grace, influenced by parasitic whispers and the nuanced mutations shaping the narratives of protection and metabolic balance.",437.png
"The pons and aorta, bridge in the brainstem and grand thoroughfare of life, navigate signals for breathing and channeling life force with occasional grace, influenced by parasitic orchestrations and the nuanced mutations in their vital transmission symphony.",438.png
"The papillary muscles and ulna/radius, architects within the heart and sturdy builders of the forearm, navigate fluidic and structural imbalances with occasional grace, influenced by parasitic whispers and the nuanced mutations shaping the structural and movement symphony.",439.png
"The Peyer's patches and coccyx, defenders of immunity and humble anchors, resilient against immune and structural challenges, yet occasionally susceptible to parasitic intruders and the nuanced mutations contributing to their roles in the body's symphony.",440.png
"The Bowman's capsule and Meibomian glands, initiators in the kidney's realm and oil painters in the eyelid's studio, navigate fluidic and ocular challenges with occasional grace, influenced by parasitic infiltrations and the nuanced mutations shaping their fluidic dynamics and visual contributions.",441.png
"The Islets of Langerhans and Macula, hormonal architects in the pancreas and central watchers in the retinal cosmos, navigate endocrine and visual challenges with occasional grace, influenced by parasitic orchestrations and the nuanced mutations composing the symphony of their roles.",442.png
"The heart and lungs, intertwined in the dance of life, navigate the stalwart resistance against parasitic whispers of cardiovascular afflictions and the occasional mutation-laden shadows altering their rhythmic symphony.",443.png
"The liver and kidneys, stalwart guardians of fluidic purity, occasionally waver under the clandestine invasions of parasitic interlopers and the lurking specter of renal mutations altering their harmonious filtration ballet.",444.png
"The brain and stomach, cognitive and digestive comrades, occasionally face the intricate labyrinth of neural disorders, gastrointestinal maladies, and the shadowy dance of mutations that cast a veil on their complex orchestration.",445.png
"The pancreas and small intestine, synchronized performers crafting a ballet of digestion, absorption, and nutrient infusion, navigate the resilient yet susceptible realms of parasitic infiltrations and genetic mutations altering their digestive symphony.",446.png
"The large intestine and spleen, defenders of balance sculpting the final masterpiece of waste, navigate the resilient yet vulnerable threads of parasitic intruders and the mutations that may disrupt their synchronized defense ballet.",447.png
"The bladder and skin, fluidic allies storing liquid whispers, navigate the resilient yet susceptible realms of parasitic infiltrations and mutations disrupting their fluidic equilibrium.",448.png
"The thyroid gland and adrenal glands, metabolic dance partners balancing energy, stress, and hormonal nuances, navigate the dynamic yet susceptible realms of parasitic disruptions and genetic mutations altering their delicate dance.",449.png
"The gallbladder and esophagus, digestive duet infusing digestive magic, navigate the harmonious yet susceptible realms of gastric disruptions, parasitic orchestrations, and genetic mutations shaping their gastronomic symphony.",450.png
"The uterus and ovaries, celestial companions nurturing life's threads, navigate the cosmic ballet of fertility with resilience yet vulnerability to parasitic whispers and mutations shaping the cosmic dance.",451.png
"The testes and prostate gland, architects of masculinity forging life's seeds, navigate the symphony of reproduction with resilience yet vulnerability to parasitic intruders and genetic mutations altering the reproduction symphony.",452.png
"The thymus and pineal gland, guardians of immunity and sleep shaping melodies of defense, navigate the ethereal symphony with resilience yet vulnerability to ethereal disturbances, parasitic whispers, and mutations shaping the ethereal dance.",453.png
"The gallbladder and cartilage, allies in digestion and flexibility, navigate the resilient yet susceptible realms of alchemical disruptions, parasitic influences, and genetic mutations sculpting the dynamic ballet.",454.png
"The pituitary gland and adipose tissue, hormonal conductors directing the symphony of growth and metabolism, navigate the harmonious yet susceptible realms of endocrine imbalances, parasitic orchestrations, and genetic mutations altering their symphony.",455.png
"The throat and placenta, conduits of communication and life-exchange channeling breath, voice, and the essence of pregnancy, navigate the symphony of connection and creation with resilience yet susceptibility to respiratory and pregnancy adversities, parasitic whispers, and mutations.",456.png
"The appendix and eardrum, enigmatic companions in diverse realms, navigate the resilient yet susceptible realms of enigmatic disturbances, parasitic secrets, and genetic mutations altering their roles in the body's mysteries.",457.png
"The intervertebral discs and tonsils, supportive cushions and immune sentinels preserving the spine and standing guard in the throat's gateway, navigate the harmonious yet susceptible realms of structural and immune challenges, parasitic intrusions, and genetic mutations shaping their roles.",458.png
"The prostate gland and placenta, partners in the dance of reproduction and life-exchange, navigate the cosmic ballet of life with resilience yet vulnerability to reproductive challenges, parasitic whispers, and genetic mutations shaping the cosmic dance.",459.png
"The synovial membrane and vagus nerve, collaborators in joint health and neural influence, navigate the symphony of neuromuscular balance with resilience yet susceptibility to neuromuscular imbalances, parasitic disruptions, and genetic mutations weaving the fabric of their symphony.",460.png
"The Eustachian tube and appendix, allies in maintaining equilibrium and enigmatic guardianship balancing pressure and holding microbial diplomacy secrets, navigate the dynamic equilibrium with resilience yet vulnerability to enigmatic disturbances, parasitic influences, and genetic mutations shaping their roles.",461.png
"The pericardium and adipose tissue, protective embrace and soft oracle safeguarding the heart and whispering tales of metabolic balance, navigate the narratives of protection and metabolic balance with resilience yet susceptibility to cardiac and metabolic challenges, parasitic whispers, and genetic mutations.",462.png
"The pons and aorta, bridge in the brainstem and grand thoroughfare of life conducting signals for breathing and channeling the life force through oxygenated blood, navigate the symphony of vital transmission with resilience yet vulnerability to vital signal disruptions, parasitic orchestrations, and genetic mutations conducting the symphony.",463.png
"The papillary muscles and ulna/radius, architects within the heart and sturdy builders of the forearm, navigate fluidic and structural imbalances with resilience yet susceptibility to parasitic whispers and genetic mutations shaping the structural and movement symphony.",464.png
"The Peyer's patches and coccyx, defenders of immunity and humble anchors, navigate the harmonious yet susceptible realms of immune and structural challenges, parasitic intruders, and genetic mutations contributing to their roles in the body's symphony.",465.png
"The Bowman's capsule and Meibomian glands, initiators in the kidney's realm and oil painters in the eyelid's studio, navigate fluidic and ocular challenges with resilience yet susceptibility to parasitic infiltrations and genetic mutations shaping their fluidic dynamics and visual contributions.",466.png
"The Islets of Langerhans and Macula, hormonal architects in the pancreas and central watchers in the retinal cosmos, navigate endocrine and visual challenges with resilience yet vulnerability to parasitic orchestrations and the nuanced mutations composing the symphony of their roles.",467.png
"The heart and lungs, once steady in life's dance, now bear the echoes of accidental injuries, their rhythmic symphony disrupted by the unpredictable scars etched upon their resilient canvas.",468.png
"The liver and kidneys, once stalwart in fluidic guardianship, bear the silent tales of accidental injuries, as the harmonious filtration ballet weaves around the unexpected marks on their collaborative performance.",469.png
"The brain, stomach, and pancreas, erstwhile architects of cognition and digestion, carry the weight of accidental injuries, their complex orchestration now echoing with the lingering melodies of unforeseen disruptions.",470.png
"The large intestine and spleen, defenders of balance, silently grapple with the aftermath of accidental injuries, their synchronized defense ballet incorporating unexpected twists into the final masterpiece.",471.png
"The bladder and skin, once fluidic allies in unwavering balance, now harbor the imprints of accidental injuries, their fluidic equilibrium disrupted by unforeseen events.",472.png
"The thyroid gland and adrenal glands, former metabolic dance partners, bear witness to accidental injuries, their delicate dance interrupted by the unpredictable nuances of stress and unanticipated hormonal imbalances.",473.png
"The gallbladder and esophagus, once digestive duet maestros, now carry the scars of accidental injuries, their gastronomic symphony incorporating the unexpected notes of gastric disruptions and unforeseen challenges.",474.png
"The uterus and ovaries, celestial companions in fertility's ballet, bear the marks of accidental injuries, their cosmic dance forever changed by the unexpected twists in the journey of life.",475.png
"The testes and prostate gland, architects of masculinity, now navigate the symphony of reproduction with the echoes of accidental injuries, their dance shaped by unforeseen challenges.",476.png
"The thymus and pineal gland, guardians of immunity and sleep, carry the ethereal melodies tinged with the echoes of accidental injuries, their ethereal dance adapting to unforeseen disturbances.",477.png
"The gallbladder and cartilage, allies in digestion and flexibility, now move through the dynamic ballet with the shadows of accidental injuries, their once-resilient performance shaped by unexpected disruptions.",478.png
"The pituitary gland and adipose tissue, hormonal conductors in the soft sanctuary, bear the marks of accidental injuries, their harmonious symphony echoing with the unpredictable notes of endocrine imbalances and unforeseen challenges.",479.png
"The throat and placenta, conduits of communication and life-exchange, now channel breath, voice, and essence with traces of accidental injuries, their symphony adapting to unforeseen respiratory adversities and pregnancy challenges.",480.png
"The appendix and eardrum, enigmatic companions, carry the enigmatic echoes of accidental injuries, their mysterious roles in the body forever changed by unforeseen disturbances and secrets.",481.png
"The intervertebral discs and tonsils, supportive cushions and immune sentinels, bear the resilient yet susceptible marks of accidental injuries, their harmonious roles shaped by the unexpected intrusions and genetic mutations.",482.png
"The prostate gland and placenta, once partners in the cosmic ballet, now dance with the shadows of accidental injuries, their journey through reproduction marked by unforeseen challenges.",483.png
"The synovial membrane and vagus nerve, collaborators in joint health and neural influence, bear the traces of accidental injuries, their symphony adapting to the unpredictable notes of neuromuscular imbalances and unforeseen disruptions.",484.png
"The Eustachian tube and appendix, allies in maintaining equilibrium, now balance pressure amidst the echoes of accidental injuries, their dynamic equilibrium roles forever shaped by unforeseen disturbances.",485.png
"The pericardium and adipose tissue, protective embrace and soft oracle, carry the narratives of accidental injuries, their roles in safeguarding the heart and whispering tales forever changed by unforeseen cardiac and metabolic challenges.",486.png
"The pons and aorta, bridge in the brainstem and grand thoroughfare of life, bear the echoes of accidental injuries, their vital signal transmission symphony forever shaped by unforeseen disruptions and challenges.",487.png
"The papillary muscles and ulna/radius, architects within the heart and sturdy builders of the forearm, bear the marks of accidental injuries, their structural and movement symphony echoing with the unpredictable notes of fluidic imbalances.",488.png
"The Peyer's patches and coccyx, defenders of immunity and humble anchors, carry the echoes of accidental injuries, their harmonious roles in the body forever shaped by unforeseen immune and structural challenges.",489.png
"The Bowman's capsule and Meibomian glands, initiators in the kidney's realm and oil painters in the eyelid's studio, bear the traces of accidental injuries, their fluidic dynamics and visual contributions forever changed by unforeseen challenges.",490.png
"The Islets of Langerhans and Macula, hormonal architects in the pancreas and central watchers in the retinal cosmos, bear the echoes of accidental injuries, their symphony forever shaped by the unpredictable notes of endocrine and visual challenges.",491.png
"The heart and lungs, once harmonious in life's rhythm, now carry the silent burden of accidental injuries, the echoes of disruptions rewriting the score of their dance with an unexpected cadence.",492.png
"The liver and kidneys, erstwhile custodians of fluidic purity, now bear the subtle scars of accidental injuries, their filtration ballet altered by the unforeseen choreography of unexpected challenges.",493.png
"The brain, stomach, and pancreas, architects of cognition and digestion, navigate the intricate aftermath of accidental injuries, their orchestration adapting to the nuanced complexities of unforeseen disruptions.",494.png
"The large intestine and spleen, defenders of equilibrium, carry the imprints of accidental injuries, their synchronized defense ballet incorporating the unexpected strokes of unanticipated events.",495.png
"The bladder and skin, former fluidic allies in balance, now hold the traces of accidental injuries, their fluidic equilibrium disrupted by unforeseen events casting ripples on their once-unwavering partnership.",496.png
"The thyroid gland and adrenal glands, once metabolic dance partners, now witness the shadows of accidental injuries, their delicate dance adapting to the unpredictable nuances of stress and hormonal imbalances.",497.png
"The gallbladder and esophagus, digestive duet maestros, bear the marks of accidental injuries, their gastronomic symphony forever altered by the unexpected crescendos of gastric disruptions and unforeseen challenges.",498.png
"The uterus and ovaries, celestial companions in fertility's ballet, now navigate the cosmic dance with the echoes of accidental injuries, their journey forever transformed by the unanticipated twists of life.",499.png
"The testes and prostate gland, architects of masculinity, bear the imprints of accidental injuries in the symphony of reproduction, their dance shaped by the unexpected challenges etched in the notes of unforeseen events.",500.png
"The thymus and pineal gland, guardians of immunity and sleep, carry ethereal melodies tinged with the echoes of accidental injuries, their ethereal dance adapting to the unforeseen disturbances etched in the cosmic score.",501.png
"The gallbladder and cartilage, erstwhile allies in digestion and flexibility, move through the dynamic ballet with shadows of accidental injuries, their once-resilient performance shaped by the unexpected disruptions cast upon their path.",502.png
"The pituitary gland and adipose tissue, hormonal conductors in the soft sanctuary, bear the marks of accidental injuries, their harmonious symphony echoing with the unpredictable notes of endocrine imbalances and unforeseen challenges.",503.png
"The throat and placenta, conduits of communication and life-exchange, channel breath, voice, and essence with traces of accidental injuries, their symphony adapting to unforeseen respiratory adversities, pregnancy challenges, and unforeseen disruptions.",504.png
"The appendix and eardrum, enigmatic companions, carry the enigmatic echoes of accidental injuries, their mysterious roles forever altered by unforeseen disturbances, secrets, and the unexpected twists of life's mysteries.",505.png
"The intervertebral discs and tonsils, supportive cushions and immune sentinels, bear the resilient yet susceptible marks of accidental injuries, their harmonious roles shaped by the unexpected intrusions of unanticipated events and genetic mutations.",506.png
"The prostate gland and placenta, former partners in the cosmic ballet, now dance with the shadows of accidental injuries, their journey through reproduction forever marked by the unforeseen challenges etched in the cosmic dance.",507.png
"The synovial membrane and vagus nerve, collaborators in joint health and neural influence, bear the traces of accidental injuries, their symphony adapting to the unpredictable notes of neuromuscular imbalances and unforeseen disruptions cast upon their path.",508.png
"The Eustachian tube and appendix, allies in maintaining equilibrium, now balance pressure amidst echoes of accidental injuries, their dynamic equilibrium roles forever shaped by unforeseen disturbances etched in the dynamic score.",509.png
"The pericardium and adipose tissue, protective embrace and soft oracle, carry the narratives of accidental injuries, their roles in safeguarding the heart and whispering tales forever changed by unforeseen cardiac and metabolic challenges.",510.png
"The pons and aorta, bridge in the brainstem and grand thoroughfare of life, bear the echoes of accidental injuries, their vital signal transmission symphony forever shaped by unforeseen disruptions and challenges etched in the grand score.",511.png
"The papillary muscles and ulna/radius, architects within the heart and sturdy builders of the forearm, bear the marks of accidental injuries, their structural and movement symphony echoing with the unpredictable notes of fluidic imbalances and unforeseen challenges.",512.png






